{
  "manifest.json": 1715840773980,
  "controller/BaseController.js": 1715065914552,
  "model/models.js": 1713787499942,
  "controller/home.controller.js": 1715066088802,
  "controller/Details.controller.js": 1715063877813,
  "i18n/i18n.properties": 1715840493618,
  "controller/App.controller.js": 1713787499946,
  "Component.js": 1713787499934,
  "Component-preload.js": 1715840774405,
  "model/models-dbg.js": 1713787499942,
  "controller/home-dbg.controller.js": 1715066088802,
  "controller/Details-dbg.controller.js": 1715063877813,
  "controller/BaseController-dbg.js": 1715065914552,
  "controller/App-dbg.controller.js": 1713787499946,
  "Component-dbg.js": 1713787499934,
  "view/home.view.xml": 1715058472026,
  "view/Details.view.xml": 1714738582570,
  "view/App.view.xml": 1713787499950,
  "fragments/Salary.fragment.xml": 1714131077610,
  "fragments/GeneralInformation.fragment.xml": 1714109194262,
  "fragments/Designation.fragment.xml": 1714131378099,
  "fragments/Department.fragment.xml": 1714130189833,
  "fragments/CreateEmployeeDialog.fragment.xml": 1715060760612,
  "fragments/Address.fragment.xml": 1714109342452,
  "css/style.css": 1713787499946,
  "index.html": 1715684133575
}